AS10846;deere.com
AS109;cisco.com
AS1103;maastrichtuniversity.nl
AS11807;gameloft.com
AS12008;buildabear.co.uk
AS12322;freebox.fr
AS12322;videolan.org
AS12389;gosuslugi.ru
AS12389;rt.ru
AS12389;rzd.ru
AS12488;boutell.co.uk
AS12678;bumbcdn.com
AS1299;sainsburys.co.uk
AS13008;coral.co.uk
AS13041;freesound.org
AS13041;uab.cat
AS131144;asus.com
AS132203;starmakerstudios.com
AS132203;xiaohongshu.com
AS13238;adfox.ru
AS13238;ya.ru
AS13238;yandex.by
AS13238;yandex.com
AS13238;yandex.net
AS13238;yandex.ru
AS13238;yastatic.net
AS13335;1muslimapp.com
AS13335;4pda.to
AS13335;9gag.com
AS13335;9mod.com
AS13335;adapty.io
AS13335;adbtc.top
AS13335;ad-delivery.net
AS13335;admost.com
AS13335;ahrefs.com
AS13335;ahume.co.uk
AS13335;aioseo.com
AS13335;alza.sk
AS13335;anaconda.com
AS13335;ancestry.co.uk
AS13335;anydesk.com
AS13335;apkpure.com
AS13335;apkpure.net
AS13335;appleinsider.com
AS13335;apricotonline.co.uk
AS13335;armaplatform.com
AS13335;artlist.io
AS13335;artstation.com
AS13335;askubuntu.com
AS13335;asuracomic.net
AS13335;atbmarket.com
AS13335;autotrader.co.uk
AS13335;avito.ma
AS13335;backmarket.com
AS13335;badlion.net
AS13335;basecamp.com
AS13335;beboo.ru
AS13335;belfasttelegraph.co.uk
AS13335;bemyeyes.com
AS13335;bestsecret.com
AS13335;bidmachine.io
AS13335;bigthink.com
AS13335;bitfinex.com
AS13335;bitget.com
AS13335;blender.org
AS13335;bootstrapcdn.com
AS13335;brandalley.co.uk
AS13335;british-business-bank.co.uk
AS13335;bscscan.com
AS13335;btloader.com
AS13335;bungie.net
AS13335;burntsoup.co.uk
AS13335;caipiria.net
AS13335;cambridge.org
AS13335;cardinalcommerce.com
AS13335;case-battle.life
AS13335;cdnjs.com
AS13335;character.ai
AS13335;chatgpt.com
AS13335;chess.com
AS13335;civitai.com
AS13335;clevelandclinic.org
AS13335;cloudflarestorage.com
AS13335;clutch.co
AS13335;codecanyon.net
AS13335;codeforces.com
AS13335;codepen.io
AS13335;coingecko.com
AS13335;collinsdictionary.com
AS13335;cookielaw.org
AS13335;csgoskins.gg
AS13335;cults3d.com
AS13335;curseforge.com
AS13335;dayoutwiththekids.co.uk
AS13335;deepl.com
AS13335;dexcom.com
AS13335;dexscreener.com
AS13335;economist.com
AS13335;educake.co.uk
AS13335;elfsightcdn.com
AS13335;emcd.io
AS13335;envato.com
AS13335;etherscan.io
AS13335;exitlag.net
AS13335;exodus.com
AS13335;explodingtopics.com
AS13335;faceit.com
AS13335;faroutmagazine.co.uk
AS13335;feedly.com
AS13335;finviz.com
AS13335;flightaware.com
AS13335;flightradar24.com
AS13335;fontawesome.com
AS13335;forexfactory.com
AS13335;funplus.com
AS13335;futbin.com
AS13335;gamebanana.com
AS13335;gamingbible.com
AS13335;gamma.app
AS13335;garmin.com
AS13335;gboxlab.com
AS13335;gcrenwp.top
AS13335;genius.com
AS13335;geoguessr.com
AS13335;getbootstrap.com
AS13335;getgrass.io
AS13335;gitlab.com
AS13335;git-scm.com
AS13335;glassdoor.co.uk
AS13335;globalsign.com
AS13335;glosbe.com
AS13335;grok.com
AS13335;gumroad.com
AS13335;hcaptcha.com
AS13335;hdfcbank.com
AS13335;healthdata.org
AS13335;heyhotels.co.uk
AS13335;highspeedinternet.com
AS13335;hltv.org
AS13335;hollandscountryclothing.co.uk
AS13335;home-assistant.io
AS13335;host-it.co.uk
AS13335;hubspot.com
AS13335;icanhazip.com
AS13335;iefimerida.gr
AS13335;ietf.org
AS13335;iloveimg.com
AS13335;ilovepdf.com
AS13335;image-line.com
AS13335;interestingengineering.com
AS13335;investing.com
AS13335;ipapi.co
AS13335;iucnredlist.org
AS13335;janitorai.com
AS13335;jarrolds.co.uk
AS13335;jitpack.io
AS13335;joe.co.uk
AS13335;johnpyeauctions.co.uk
AS13335;jquery.com
AS13335;jsdelivr.com
AS13335;jsfiddle.net
AS13335;jsonformatter.org
AS13335;jup.ag
AS13335;just-eat.co.uk
AS13335;kershkicks.co.uk
AS13335;kick.com
AS13335;kingston.com
AS13335;klubzaodrasle.com
AS13335;laracasts.com
AS13335;laravel.com
AS13335;ledger.com
AS13335;letterboxd.com
AS13335;lib.rs
AS13335;lis-skins.com
AS13335;list.am
AS13335;litnet.com
AS13335;liveworksheets.com
AS13335;logisticssameday.co.uk
AS13335;ltmuseum.co.uk
AS13335;lww.com
AS13335;macvendors.com
AS13335;magiceden.io
AS13335;majorgeeks.com
AS13335;marinetraffic.com
AS13335;maxroll.gg
AS13335;mediafire.com
AS13335;menulog.com.au
AS13335;meshok.net
AS13335;metamask.io
AS13335;meteoblue.com
AS13335;mobalytics.gg
AS13335;modsfire.com
AS13335;monday.com
AS13335;monkeytype.com
AS13335;myfitnesspal.com
AS13335;myinstants.com
AS13335;n8n.io
AS13335;naked-science.ru
AS13335;nakheelteam.cc
AS13335;natomanga.com
AS13335;nextdns.io
AS13335;nexusmods.com
AS13335;nhl.com
AS13335;nightcafe.studio
AS13335;nist.gov
AS13335;nodejs.org
AS13335;noodlemagazine.com
AS13335;npmjs.com
AS13335;npmjs.org
AS13335;ollama.ai
AS13335;omaze.co.uk
AS13335;onesignal.com
AS13335;onetrust.com
AS13335;online-python.com
AS13335;openrouter.ai
AS13335;orcid.org
AS13335;parsec.app
AS13335;partydelights.co.uk
AS13335;pastebin.com
AS13335;pathofexile.com
AS13335;pausemag.co.uk
AS13335;perplexity.ai
AS13335;pfizer.com
AS13335;planetminecraft.com
AS13335;plarium.com
AS13335;pokemondb.net
AS13335;poki.com
AS13335;postman.com
AS13335;princesspolly.co.uk
AS13335;procyclingstats.com
AS13335;pureapk.com
AS13335;quizlet.com
AS13335;raider.io
AS13335;raspberrypi.com
AS13335;raspberrypi.org
AS13335;rateyourmusic.com
AS13335;readthedocs.io
AS13335;redbubble.com
AS13335;remove.bg
AS13335;repocket.com
AS13335;researchgate.net
AS13335;reverso.net
AS13335;revolut.com
AS13335;rfc-editor.org
AS13335;ridefox.com
AS13335;ropro.io
AS13335;royaleapi.com
AS13335;royalroad.com
AS13335;rustdesk.com
AS13335;sage.co.uk
AS13335;sammobile.com
AS13335;savefrom.net
AS13335;schoolnet.co.uk
AS13335;scienceconnect.io
AS13335;scimagojr.com
AS13335;sdamgia.ru
AS13335;seagate.com
AS13335;sejda.com
AS13335;serverfault.com
AS13335;sharkclean.co.uk
AS13335;shopify.com
AS13335;silicon.co.uk
AS13335;snapinsta.to
AS13335;sourceforge.net
AS13335;spanishdict.com
AS13335;splice.com
AS13335;stackexchange.com
AS13335;stackoverflow.com
AS13335;standard.co.uk
AS13335;standout.co.uk
AS13335;steamdb.info
AS13335;steaminventoryhelper.com
AS13335;steelseries.com
AS13335;streamelements.com
AS13335;sudoku.com
AS13335;suno.com
AS13335;symfony.com
AS13335;tandfonline.com
AS13335;tanium.com
AS13335;tesla.services
AS13335;therange.co.uk
AS13335;theregister.co.uk
AS13335;thingiverse.com
AS13335;thunderbird.net
AS13335;timeanddate.com
AS13335;timepad.ru
AS13335;timesofisrael.com
AS13335;tinyurl.com
AS13335;tlauncher.org
AS13335;toogoodtogo.com
AS13335;topdoctors.co.uk
AS13335;toptal.com
AS13335;tracker.gg
AS13335;tradesports.co.uk
AS13335;tunein.com
AS13335;tweaktown.com
AS13335;udemy.com
AS13335;ueiwsp.com
AS13335;unilad.co.uk
AS13335;unpkg.com
AS13335;uplearn.co.uk
AS13335;uspto.gov
AS13335;vecteezy.com
AS13335;vimeo.com
AS13335;vitality.co.uk
AS13335;vivaldi.com
AS13335;w3.org
AS13335;warcraftlogs.com
AS13335;warthunder.com
AS13335;wazzup24.com
AS13335;webeden.co.uk
AS13335;weirdfish.co.uk
AS13335;wemod.com
AS13335;wireshark.org
AS13335;wotpack.ru
AS13335;wp-rocket.me
AS13335;yaplakal.com
AS13445;webex.com
AS13462;ieee.org
AS134763;trpcdn.net
AS13506;treasury.gov
AS13649;atptour.com
AS13684;medtronic.com
AS13768;softpedia.com
AS137718;douyin.com
AS139341;wetvinfo.com
AS14061;bimcloud.com
AS14061;galaxite.net
AS14061;gnome-look.org
AS14061;usbx.me
AS140766;eva.vn
AS14618;actionverb.com
AS14618;adobe.io
AS14618;amazon-adsystem.com
AS14618;appnext.com
AS14618;appsflyer.com
AS14618;aps.org
AS14618;arcgisonline.com
AS14618;audible.com
AS14618;avon.com
AS14618;bintray.com
AS14618;blackmagicdesign.com
AS14618;britannica.com
AS14618;bsky.social
AS14618;coveo.com
AS14618;crossref.org
AS14618;docker.io
AS14618;duolingo.com
AS14618;epicgames.com
AS14618;epicgames.dev
AS14618;ezvizlife.com
AS14618;familysearch.org
AS14618;fortnite.com
AS14618;getpostman.com
AS14618;imdb.com
AS14618;iobit.com
AS14618;jfrog.io
AS14618;mattel163.com
AS14618;mcdonalds.com
AS14618;mtv.com
AS14618;nintendo.com
AS14618;nvidia.com
AS14618;percona.com
AS14618;plex.tv
AS14618;pokemon.com
AS14618;primis.tech
AS14618;psychologytoday.com
AS14618;pusher.com
AS14618;qnap.com
AS14618;qrz.com
AS14618;quay.io
AS14618;redhat.com
AS14618;samsungads.com
AS14618;similarweb.com
AS14618;size.co.uk
AS14618;sony.com
AS14618;statuspage.io
AS14618;tplinkcloud.com
AS14618;truste.com
AS14618;twilio.com
AS14618;ubi.com
AS14618;unrealengine.com
AS14618;zotero.org
AS14618;zyxel.com
AS14627;ddns.net
AS14907;wikipedia.org
AS14907;wikiversity.org
AS15169;3cx.co.uk
AS15169;blogspot.co.uk
AS15169;google.co.uk
AS15169;google.com
AS15169;googleapis.com
AS15169;googletagmanager.com
AS15169;gstatic.com
AS15169;inmobi.com
AS15169;irasutoya.com
AS15169;yamaha.com
AS15169;youtube.com
AS15224;adobelogin.com
AS15510;supremeservers.co.uk
AS15632;alfabank.ru
AS15802;mashreq.com
AS15830;openstreetmap.org
AS16276;adme.media
AS16276;attitudeinc.co.uk
AS16276;boardgamearena.com
AS16276;getcomposer.org
AS16276;id5-sync.com
AS16276;ipv6-test.com
AS16276;lichess.org
AS16276;linphone.org
AS16276;liquipedia.net
AS16276;obsproject.com
AS16276;ovhcloud.com
AS16276;plazavea.com.pe
AS16276;postimg.cc
AS16276;skylinewebcams.com
AS16276;win-rar.com
AS16509;500px.com
AS16509;academia.edu
AS16509;acer.com
AS16509;aditude.io
AS16509;adspower.com
AS16509;adspower.net
AS16509;adzuna.co.uk
AS16509;airtable.com
AS16509;ajax.systems
AS16509;ajbell.co.uk
AS16509;alphapay.co.uk
AS16509;amazon.co.uk
AS16509;anyaptitude.cc
AS16509;aol.co.uk
AS16509;appsflyersdk.com
AS16509;arcgis.com
AS16509;asana.com
AS16509;atlassian.com
AS16509;atlassian.net
AS16509;atl-paas.net
AS16509;audi.co.uk
AS16509;autel.com
AS16509;autocar.co.uk
AS16509;aviasales.ru
AS16509;axiom.trade
AS16509;baamboozle.com
AS16509;bata.com
AS16509;battle.net
AS16509;binance.com
AS16509;birdie.so
AS16509;birminghammail.co.uk
AS16509;bitbucket.org
AS16509;blizzard.com
AS16509;bluestacks.com
AS16509;bmstores.co.uk
AS16509;booking.com
AS16509;brave.com
AS16509;bristolpost.co.uk
AS16509;bsky.app
AS16509;bstatic.com
AS16509;buyee.jp
AS16509;bybit.com
AS16509;camscanner.com
AS16509;canon.com
AS16509;castbox.fm
AS16509;centos.org
AS16509;centurygame.com
AS16509;change.org
AS16509;checkpoint.com
AS16509;chunichi.co.jp
AS16509;classdojo.com
AS16509;clockify.me
AS16509;coinglass.com
AS16509;coinmarketcap.com
AS16509;contentful.com
AS16509;convertio.co
AS16509;coupang.com
AS16509;coursera.org
AS16509;crowdsec.net
AS16509;cursor.com
AS16509;cylance.com
AS16509;dailyrecord.co.uk
AS16509;datadoghq.com
AS16509;datadome.co
AS16509;deepai.org
AS16509;deepseek.com
AS16509;deezer.com
AS16509;degruyterbrill.com
AS16509;derbytelegraph.co.uk
AS16509;deviantart.com
AS16509;discogs.com
AS16509;disney.co.uk
AS16509;dji.com
AS16509;dribbble.com
AS16509;driving.co.uk
AS16509;dynatrace.com
AS16509;ecb.co.uk
AS16509;espn.co.uk
AS16509;espn.com
AS16509;eventbrite.co.uk
AS16509;express.co.uk
AS16509;ferrero.com
AS16509;feverup.com
AS16509;figma.com
AS16509;fitchratings.com
AS16509;flickr.com
AS16509;fortinet.com
AS16509;fotmob.com
AS16509;fotor.com
AS16509;fourseasons.com
AS16509;freshdesk.com
AS16509;gaijin.net
AS16509;game8.co
AS16509;gate.com
AS16509;gdms.cloud
AS16509;geeksforgeeks.org
AS16509;genially.com
AS16509;glamourmagazine.co.uk
AS16509;goodnotes.com
AS16509;gousto.co.uk
AS16509;gradient.network
AS16509;growthbook.io
AS16509;hackerearth.com
AS16509;hotjar.com
AS16509;hoyolab.com
AS16509;hp.com
AS16509;htx.com
AS16509;huggingface.co
AS16509;hyperliquid.xyz
AS16509;intimissimi.com
AS16509;ivideon.com
AS16509;jetbrains.com
AS16509;jobbase.io
AS16509;juniper.net
AS16509;kingsgroupgames.com
AS16509;kubernetes.io
AS16509;kucoin.com
AS16509;landsend.co.uk
AS16509;launchdarkly.com
AS16509;leagueoflegends.com
AS16509;lego.com
AS16509;lencr.org
AS16509;letsencrypt.org
AS16509;lg.com
AS16509;lge.com
AS16509;lifeaiot.com
AS16509;liverpoolecho.co.uk
AS16509;lner.co.uk
AS16509;logitechg.com
AS16509;lolesports.com
AS16509;loom.com
AS16509;lyst.co.uk
AS16509;manchestereveningnews.co.uk
AS16509;mango.com
AS16509;mangooutlet.com
AS16509;manomano.co.uk
AS16509;marketsandmarkets.com
AS16509;mcafee.com
AS16509;medallia.eu
AS16509;medexpress.co.uk
AS16509;megaphone.fm
AS16509;mercari.com
AS16509;merriam-webster.com
AS16509;meshy.ai
AS16509;mexc.com
AS16509;minmaxify.com
AS16509;miro.com
AS16509;mirostatic.com
AS16509;mirror.co.uk
AS16509;mobile.de
AS16509;motogp.com
AS16509;msdmanuals.com
AS16509;msi.com
AS16509;mydlink.com
AS16509;mydomaincontact.com
AS16509;netbird.io
AS16509;netdirector.co.uk
AS16509;netflix.com
AS16509;netlify.com
AS16509;nexon.com
AS16509;nginx.org
AS16509;nintendo.com.au
AS16509;note.com
AS16509;oakfurnitureland.co.uk
AS16509;okta.com
AS16509;okta-emea.com
AS16509;okx.com
AS16509;ondacero.es
AS16509;onelink.me
AS16509;oneplus.com
AS16509;onlinescoutmanager.co.uk
AS16509;onstove.com
AS16509;op.gg
AS16509;overwolf.com
AS16509;panasonic.com
AS16509;photoroom.com
AS16509;pixelcut.ai
AS16509;pixels.com
AS16509;pixlr.com
AS16509;playrix.com
AS16509;playstation.com
AS16509;poetryfoundation.org
AS16509;polar.com
AS16509;postman.co
AS16509;privacymanager.io
AS16509;pubg.com
AS16509;pubgmobile.com
AS16509;pubmatic.com
AS16509;qr-code-generator.com
AS16509;qt.io
AS16509;quickconnect.to
AS16509;razer.com
AS16509;real.com
AS16509;realme.com
AS16509;reasonsecurity.com
AS16509;respawn.com
AS16509;rfc868server.com
AS16509;ricoh.com
AS16509;robertsspaceindustries.com
AS16509;rockylinux.org
AS16509;rtings.com
AS16509;rtmark.net
AS16509;salesforce-scrt.com
AS16509;samsungknox.com
AS16509;savills.co.uk
AS16509;science.org
AS16509;script.ac
AS16509;search-sprint.com
AS16509;segment.com
AS16509;seismic.com
AS16509;sendgrid.com
AS16509;shein.co.uk
AS16509;shutterstock.com
AS16509;si.com
AS16509;sketchfab.com
AS16509;slack.com
AS16509;smallpdf.com
AS16509;smartthings.com
AS16509;sncf-connect.com
AS16509;sportskeeda.com
AS16509;statista.com
AS16509;stpauls.co.uk
AS16509;superbet.pl
AS16509;supercell.com
AS16509;synology.com
AS16509;tailscale.com
AS16509;teamviewer.com
AS16509;telegraph.co.uk
AS16509;themoviedb.org
AS16509;thetimes.co.uk
AS16509;thueringer-allgemeine.de
AS16509;timesonline.co.uk
AS16509;tizen.org
AS16509;todoist.com
AS16509;tp-link.com
AS16509;tradingview.com
AS16509;travian.com
AS16509;travisperkins.co.uk
AS16509;trello.com
AS16509;tripadvisor.co.uk
AS16509;tripadvisor.com
AS16509;turbosquid.com
AS16509;ubisoft.com
AS16509;ui.com
AS16509;usembassy.gov
AS16509;vercel.app
AS16509;vercel.com
AS16509;viamichelin.co.uk
AS16509;vidiq.com
AS16509;virginexperiencedays.co.uk
AS16509;vmware.com
AS16509;vogue.co.uk
AS16509;voximplant.com
AS16509;vuejs.org
AS16509;w3schools.com
AS16509;wbx2.com
AS16509;westpac.com.au
AS16509;weverse.io
AS16509;which.co.uk
AS16509;whoop.com
AS16509;wired.co.uk
AS16509;wizzair.com
AS16509;wowhead.com
AS16509;yango.com
AS16509;zalando.de
AS16509;zen.co.uk
AS16509;zillow.com
AS16509;zoopla.co.uk
AS16625;accuweather.com
AS16625;activision.com
AS16625;amd.com
AS16625;axisbank.com
AS16625;callofduty.com
AS16625;concursolutions.com
AS16625;dailymail.co.uk
AS16625;ea.com
AS16625;easports.com
AS16625;emirates.com
AS16625;expedia.co.uk
AS16625;fanatics.com
AS16625;farfetch.com
AS16625;goldsmiths.co.uk
AS16625;ibm.com
AS16625;lastpass.com
AS16625;lenovo.com
AS16625;louisvuitton.com
AS16625;marriott.com
AS16625;mit.edu
AS16625;myherbalife.com
AS16625;ncaa.com
AS16625;newegg.com
AS16625;origin.com
AS16625;radissonhotels.com
AS16625;riotgames.com
AS16625;rockstargames.com
AS16625;steam-chat.com
AS16625;steamcommunity.com
AS16625;steampowered.com
AS16625;unity3d.com
AS16625;very.co.uk
AS16625;washingtonpost.com
AS16625;weather.com
AS16625;wizards.com
AS16625;yoox.com
AS16660;capitalone.com
AS18465;myworkday.com
AS19250;wiley.com
AS19551;accor.com
AS19551;acs.org
AS19551;amadeus.com
AS19551;bms.com
AS19551;gassaferegister.co.uk
AS19551;metrobankonline.co.uk
AS19551;pepsico.com
AS19551;sigmaaldrich.com
AS19551;yougov.co.uk
AS19648;churchofjesuschrist.org
AS19679;dropbox.com
AS197482;2gis.com
AS197482;2gis.ru
AS197695;42clouds.com
AS197695;cnews.ru
AS198947;kinoafisha.info
AS199148;rosminzdrav.ru
AS199524;wargaming.net
AS199524;worldoftanks.eu
AS200107;kaspersky.com
AS200350;cian.ru
AS200350;cian.tech
AS200350;otm-r.com
AS200567;mdex.de
AS201012;avito.ru
AS201706;cdek.ru
AS201706;ertelecom.ru
AS201706;okko.tv
AS201706;samokat.ru
AS201706;uchi.ru
AS201706;vseinstrumenti.ru
AS202319;zoomit.ir
AS202958;technodom.kz
AS203444;gismeteo.ru
AS204720;atomy.ru
AS205373;rightmove.co.uk
AS20546;php.net
AS20633;uni-frankfurt.de
AS206980;arizona-rp.com
AS207304;yandex.kz
AS20860;newsquest.co.uk
AS208677;rutarget.ru
AS208981;sbis.ru
AS209030;gazprombank.ru
AS209242;adalo.com
AS209242;feroot.com
AS209242;gameanalytics.com
AS209242;helpshift.com
AS209242;keplr.app
AS209242;osano.com
AS209242;penguin.co.uk
AS209242;politics.co.uk
AS209242;sciencedirect.com
AS209242;scopus.com
AS209242;startrekfleetcommand.com
AS209242;synthesia.io
AS209242;teachable.com
AS209242;teneo.pro
AS209242;vungle.com
AS209242;zoom.us
AS20940;123-reg.co.uk
AS20940;adage.com
AS20940;adobe.com
AS20940;aepd.es
AS20940;alpinetrek.co.uk
AS20940;argos.co.uk
AS20940;capcut.com
AS20940;ebay.co.uk
AS20940;ebay.com
AS20940;estadao.com.br
AS20940;fifa.com
AS20940;fivem.net
AS20940;hm.com
AS20940;java.com
AS20940;mdpi.com
AS20940;nab.com.au
AS20940;next.co.uk
AS20940;santander.com.br
AS20940;sonos.com
AS20940;stlouisfed.org
AS20940;swarovski.com
AS20940;tiktok.com
AS20940;tiktokv.com
AS20940;tui.co.uk
AS20940;turkishairlines.com
AS20940;unity.com
AS20940;warframe.com
AS20940;zara.com
AS209671;bitrix24.com
AS209671;funpay.com
AS21051;boosty.to
AS21051;donationalerts.com
AS210756;giga.chat
AS210756;lesta.ru
AS210756;tanki.su
AS210756;tanksblitz.ru
AS211381;kniga-online.com
AS2134;santander.co.uk
AS21472;seveninternet.co.uk
AS21506;unb.br
AS21639;bcbsla.com
AS2165;hpe.com
AS22697;roblox.com
AS23724;oppo.com
AS23816;yahoo.co.jp
AS24547;dailygn.com
AS24638;rambler.ru
AS24823;vtb.ru
AS24940;7-zip.org
AS24940;archlinux.org
AS24940;candygrill.com
AS24940;chess-results.com
AS24940;cleantalk.org
AS24940;digitalcaramel.com
AS24940;felenasoft.com
AS24940;gsmarena.com
AS24940;heroeswm.ru
AS24940;kde.org
AS24940;keenetic.link
AS24940;keenetic.pro
AS24940;libreoffice.org
AS24940;mariadb.org
AS24940;nextcloud.com
AS24940;pdf24.org
AS24940;phpmyadmin.net
AS24940;planner5d.com
AS24940;pushwoosh.com
AS24940;rbwtech.net
AS24940;rspamd.com
AS24940;sendpulse.com
AS24940;surfe.pro
AS24940;tapclap.com
AS24940;telegram.im
AS24940;uclan.stream
AS24940;vesselfinder.com
AS2497;konami.com
AS2497;mi-mollet.com
AS2611;ugent.be
AS26347;dreamhostps.com
AS2635;adweek.com
AS2635;colorlib.com
AS2635;malwarebytes.com
AS2635;metro.co.uk
AS2635;nasa.gov
AS2635;spectator.co.uk
AS2635;thescottishsun.co.uk
AS2635;thesun.co.uk
AS2639;zoho.com
AS2647;un.org
AS26496;iotcplatform.com
AS2856;national-lottery.co.uk
AS29550;redbackinternet.co.uk
AS30148;lankacom.net
AS30148;riovagas.com.br
AS30320;kia.com
AS30600;gkg.net
AS30811;optimizely.com
AS31727;chums.co.uk
AS31898;morozov.page
AS31898;mysql.com
AS31898;oracle.com
AS31898;virtualbox.org
AS3215;unesco.org
AS3216;centre.ru
AS32934;fb.gg
AS32934;whatsapp.com
AS3301;telia.com
AS3333;ripe.net
AS3335;nsu.ru
AS33905;force.com
AS33905;salesforce.com
AS33905;tesla.com
AS34798;willhaben.at
AS34878;kit.edu
AS34879;goldapple.ru
AS34887;tatar.ru
AS34984;bip.com
AS35039;sap.com
AS35237;sber.ru
AS35278;sprinthost.ru
AS3561;scorecardresearch.com
AS35673;kaspi.kz
AS36351;aihelp.net
AS36459;github.com
AS36647;yahoo.com
AS3701;fedoraproject.org
AS37936;weibo.com
AS37963;aliyun.com
AS37963;aliyuncs.com
AS37963;crealitycloud.com
AS37963;imou.com
AS37963;niu.com
AS37963;qiyukf.com
AS37963;taobao.com
AS37963;umeng.com
AS37963;xunlei.com
AS37963;yealink.com
AS39134;betweendigital.com
AS39202;heart.co.uk
AS39238;trueconf.ru
AS39572;ahcdn.com
AS396982;alarabiya.net
AS396982;boardgamegeek.com
AS396982;box.com
AS396982;carleton.edu
AS396982;cna.com.tw
AS396982;flashscore.com
AS396982;flashscore.pe
AS396982;flaticon.com
AS396982;freepik.com
AS396982;gumtree.com
AS396982;ilsole24ore.com
AS396982;ipinfo.io
AS396982;k8s.io
AS396982;kitco.com
AS396982;klikbca.com
AS396982;ksta.de
AS396982;mozilla.org
AS396982;ollama.com
AS396982;overleaf.com
AS396982;pendo.io
AS396982;peterboroughtoday.co.uk
AS396982;sanity.io
AS396982;snapchat.com
AS396982;spotify.com
AS396982;twdcns.co.uk
AS396982;windy.com
AS39832;opera.com
AS40913;teslamotors.com
AS4134;cmbchina.com
AS41400;vsol.co.uk
AS41722;eadaily.com
AS41722;netcraze.pro
AS42244;gdz.ru
AS42371;index.hu
AS42656;allegro.sk
AS42848;europa.eu
AS43048;sngb.ru
AS43298;eldorado.ru
AS43298;mvideo.ru
AS43399;tcsbank.ru
AS43399;tinkoff.ru
AS44310;fontanka.ru
AS44386;ozon.com
AS44386;ozon.ru
AS44653;halykbank.kz
AS45102;alibaba.com
AS45102;aliexpress.com
AS45102;aliexpress.ru
AS45102;free-reels.com
AS45102;hoyoverse.com
AS45102;qwen.ai
AS45102;transsion.com
AS45102;trip.com
AS45530;agoda.com
AS4583;reuters.com
AS4583;thomsonreuters.co.uk
AS4583;thomsonreuters.net
AS46015;dbs.com
AS4685;asahi-net.or.jp
AS4713;hmv.co.jp
AS47351;fhinds.co.uk
AS47541;vk.com
AS47541;vk.me
AS47541;vkontakte.ru
AS47764;bitrix.info
AS47764;cldmail.ru
AS47764;dzen.ru
AS47764;mail.ru
AS47764;max.ru
AS47764;ok.ru
AS47764;relap.io
AS47764;sportmail.ru
AS47764;vkplay.ru
AS47764;vmailru.net
AS4808;xiaomi.com
AS48096;befree.ru
AS4812;to8to.com
AS4812;yuanshen.com
AS48254;bikebargains.co.uk
AS48254;herefordrewinds.co.uk
AS48287;msk.ru
AS49107;telko.ru
AS49505;azbyka.ru
AS49505;giraff.io
AS49505;irecommend.ru
AS49675;kontur.ru
AS49813;inn.ru
AS49981;ip.pn
AS50214;acint.net
AS50214;sape.ru
AS50340;buzzoola.com
AS50340;film.ru
AS50340;poryadok.ru
AS50340;pruffme.com
AS50340;skydns.ru
AS50340;tns-e.ru
AS50881;eset.com
AS51115;betboom.ru
AS51115;bitrix24.ru
AS51115;citilink.ru
AS51115;dnevnik.ru
AS51115;dns-shop.ru
AS51115;drom.ru
AS51115;drweb.com
AS51115;getcourse.ru
AS51115;habr.com
AS51115;kion.ru
AS51115;lamoda.ru
AS51115;lemanapro.ru
AS51115;mindbox.ru
AS51115;rbc.ru
AS51115;rg.ru
AS51115;skyeng.ru
AS51527;hyundai.com
AS52007;adriver.ru
AS53695;siue.edu
AS53831;adsmoloco.com
AS54113;apache.org
AS54113;arxiv.org
AS54113;attitude.co.uk
AS54113;bandcamp.com
AS54113;behance.net
AS54113;boden.co.uk
AS54113;cloudimg.io
AS54113;cnn.com
AS54113;debian.org
AS54113;docker.com
AS54113;docs.rs
AS54113;guardian.co.uk
AS54113;guim.co.uk
AS54113;history.co.uk
AS54113;huffingtonpost.co.uk
AS54113;huffingtonpost.fr
AS54113;independent.co.uk
AS54113;mapbox.com
AS54113;pin.it
AS54113;pinimg.com
AS54113;pinterest.co.uk
AS54113;pinterest.com
AS54113;python.org
AS54113;refinery29.com
AS54113;smartsheet.com
AS54113;ticketmaster.co.uk
AS54113;tomshardware.com
AS54113;twitch.tv
AS54113;voicemod.net
AS5413;moose.co.uk
AS55990;huawei.com
AS55990;zuimeitianqi.com
AS5607;sky.com
AS57046;udmr.ru
AS57073;wb.ru
AS57073;wildberries.ru
AS57570;qiwi.com
AS57629;ivi.ru
AS57724;alfasense.com
AS57724;author.today
AS57724;crpt.ru
AS57724;fotostrana.ru
AS57724;knigavuhe.org
AS57724;pikabu.ru
AS57724;re-store.ru
AS57918;pravda.ru
AS58461;alicdn.com
AS58521;garena.com
AS58593;weathercn.com
AS59507;transfermarkt.com
AS59692;remanga.org
AS60068;cots4tots.co.uk
AS60068;packagist.org
AS60781;nicepage.com
AS60922;mamba.ru
AS60976;nedablog.ir
AS61168;dior.com
AS61323;golfonline.co.uk
AS61323;moshulu.co.uk
AS61323;visualsoft.co.uk
AS62041;t.me
AS62041;telegra.ph
AS62041;telegram.dog
AS62041;telegram.me
AS62041;telegram.org
AS63410;wordstream.com
AS6366;freedesktop.org
AS63949;kernel.org
AS63949;russianfood.com
AS6619;samsung.com
AS6619;samsungmobile.com
AS6619;samsungotn.net
AS6855;zoznam.sk
AS6871;f9.co.uk
AS7018;kidsa-z.com
AS702;samsungapps.com
AS714;apple.com
AS714;icloud.com
AS714;icloud-content.com
AS714;itunes.com
AS714;mzstatic.com
AS7514;clip-studio.com
AS7630;kasikornbank.com
AS786;qub.ac.uk
AS7973;mayoclinic.org
AS8068;live.com
AS8068;microsoft365.com
AS8068;msedge.net
AS8068;msn.com
AS8068;office.com
AS8068;virtualearth.net
AS8069;mi.com
AS8069;miui.com
AS8069;volvocars.com
AS8069;xiaomi.net
AS8075;appcenter.ms
AS8075;azure.com
AS8075;bing.com
AS8075;chelseafc.com
AS8075;churchtimes.co.uk
AS8075;drawnames.co.uk
AS8075;elmueble.com
AS8075;foyles.co.uk
AS8075;gamepass.com
AS8075;gramophone.co.uk
AS8075;icicibank.com
AS8075;inaturalist.org
AS8075;intel.com
AS8075;microsoft.com
AS8075;minecraft.net
AS8075;mojang.com
AS8075;nuget.org
AS8075;o2.co.uk
AS8075;office365.com
AS8075;onenote.net
AS8075;playblackdesert.com
AS8075;sharepoint.com
AS8075;skype.com
AS8075;tredz.co.uk
AS8075;uefa.com
AS8075;visualstudio.com
AS8075;windows.com
AS8075;wolves.co.uk
AS8075;xbox.com
AS8075;xboxlive.com
AS8220;made-in-china.com
AS8551;inner-active.mobi
AS8551;scrdairy.com
AS8560;fasthosts.co.uk
AS8560;gmx.co.uk
AS8560;livedns.co.uk
AS8590;bmw.de
AS8659;wipo.int
AS8732;tplusgroup.ru
AS8881;indianoil.in
AS8972;aatkit.com
AS9123;bidvol.com
